epoch,train_loss,val_loss,val_accuracy
1,0.5847808003011677,0.05479335015018781,1.0
2,0.016301301220018,0.00010670273437022439,1.0
3,0.0006700475791553294,5.31500035978954e-06,1.0
