epoch,train_loss,val_loss,val_accuracy
1,0.18786021737807662,0.01258534954653846,1.0
2,0.007312851870099419,3.2952673159848526e-06,1.0
3,0.0015180393168216868,1.4834910347063771e-07,1.0
4,8.645585467093042e-06,9.457090552839671e-07,1.0
5,5.878671937706612e-06,1.6821113496866423e-06,1.0
6,4.1855907934657604e-05,1.0503462704036792e-06,1.0
